Workbook

Sheet RPA-Ago2026
B2: RELATORIO DE PAGAMENTO DE RPA | G2: MÊS | H2: ANO
G3: Agosto | H3: 2026
B4: DATA | C4: NOME | D4: CPF | E4: VALOR DO SERVIÇO | F4: INSS DESCONTADO | G4: INSS DA EMPRESA | H4: VALOR LIQUÍDO A PAGAR
B5: 46235 | C5: Albert Einstein | D5: 15436877812 | E5: 1200 | F5: =E5*$D$13 -> 132 | G5: =E5*$D$14 -> 240 | H5: =E5-F5 -> 1068
B6: 46235 | C6: Thomas Edison | D6: 25436578943 | E6: 955 | F6: =E6*$D$13 -> 105.05 | G6: =E6*$D$14 -> 191 | H6: =E6-F6 -> 849.95
B7: 46239 | C7: George Lucas | D7: 10236844059 | E7: 345 | F7: =E7*$D$13 -> 37.95 | G7: =E7*$D$14 -> 69 | H7: =E7-F7 -> 307.05
F8: =E8*$D$13 -> 0 | G8: =E8*$D$14 -> 0 | H8: =E8-F8 -> 0
F9: =E9*$D$13 -> 0 | G9: =E9*$D$14 -> 0 | H9: =E9-F9 -> 0
B10: TOTAL DP PERÍODO | E10: =SUM(E5:E9) -> 2500 | F10: =SUM(F5:F9) -> 275 | G10: =SUM(G5:G9) -> 500 | H10: =SUM(H5:H9) -> 2225
B12: Tabela de Alíquota do INSS
B13: Descontado do autônamo | D13: 0.11
B14: Contribuição da empresa | D14: 0.2

Sheet RPA-Set2026
B2: RELATORIO DE PAGAMENTO DE RPA | G2: MÊS | H2: ANO
G3: Setembro | H3: 2026
B4: DATA | C4: NOME | D4: CPF | E4: VALOR DO SERVIÇO | F4: INSS DESCONTADO | G4: INSS DA EMPRESA | H4: VALOR LIQUÍDO A PAGAR
B5: 46270 | C5: Galileu Galilei | D5: 25436825423 | E5: 800 | F5: =E5*$D$13 -> 88 | G5: =E5*$D$14 -> 160 | H5: =E5-F5 -> 712
B6: 46276 | C6: Francis Bacon | D6: 46925412356 | E6: 250 | F6: =E6*$D$13 -> 27.5 | G6: =E6*$D$14 -> 50 | H6: =E6-F6 -> 222.5
B7: 46282 | C7: Isaac Newton | D7: 1542365845 | E7: 1345 | F7: =E7*$D$13 -> 147.95 | G7: =E7*$D$14 -> 269 | H7: =E7-F7 -> 1197.05
F8: =E8*$D$13 -> 0 | G8: =E8*$D$14 -> 0 | H8: =E8-F8 -> 0
F9: =E9*$D$13 -> 0 | G9: =E9*$D$14 -> 0 | H9: =E9-F9 -> 0
B10: TOTAL DP PERÍODO | E10: =SUM(E5:E9) -> 2395 | F10: =SUM(F5:F9) -> 263.45 | G10: =SUM(G5:G9) -> 479 | H10: =SUM(H5:H9) -> 2131.55
B12: Tabela de Alíquota do INSS
B13: Descontado do autônamo | D13: 0.11
B14: Contribuição da empresa | D14: 0.2

Sheet RPA-Ano2026
B2: RESUMO ANUAL DO PAGAMENTO DE RPA | F2: ANO
F3: 2026
B4: MÊS | C4: VALOR DOS SERVIÇOS | D4: INSS DESCONTADO | E4: INSS DA EMPRESA | F4: VALOR LÍQUIDO PAGO
B5: ...
B6: Agosto | C6: ='RPA-Ago2026'!E10 -> 2500 | D6: ='RPA-Ago2026'!F10 -> 275 | E6: ='RPA-Ago2026'!G10 -> 500 | F6: ='RPA-Ago2026'!H10 -> 2225
B7: Setembro | C7: ='RPA-Set2026'!E10 -> 2395 | D7: ='RPA-Set2026'!F10 -> 263.45 | E7: ='RPA-Set2026'!G10 -> 479 | F7: ='RPA-Set2026'!H10 -> 2131.55
B8: ... | C8: =SUM(C5:C7) -> 4895 | D8: =SUM(D5:D7) -> 538.45 | E8: =SUM(E5:E7) -> 979 | F8: =SUM(F5:F7) -> 4356.55
B9: TOTAL
